{"img_path": {"0": "/raw_data/catTest/cat.363.jpg", "1": "/raw_data/catTest/cat.2242.jpg", "2": "/raw_data/catTest/cat.6567.jpg", "3": "/raw_data/catTest/cat.4977.jpg", "4": "/raw_data/catTest/cat.5507.jpg", "5": "/raw_data/catTest/cat.5079.jpg", "6": "/raw_data/catTest/cat.1112.jpg", "7": "/raw_data/catTest/cat.887.jpg", "8": "/raw_data/catTest/cat.8594.jpg", "9": "/raw_data/catTest/cat.9181.jpg", "10": "/raw_data/catTest/cat.8707.jpg", "11": "/raw_data/catTest/cat.8199.jpg", "12": "/raw_data/catTest/cat.10735.jpg", "13": "/raw_data/catTest/cat.1127.jpg", "14": "/raw_data/catTest/cat.9958.jpg", "15": "/raw_data/catTest/cat.6551.jpg", "16": "/raw_data/catTest/cat.3949.jpg", "17": "/raw_data/catTest/cat.1774.jpg", "18": "/raw_data/catTest/cat.107.jpg", "19": "/raw_data/catTest/cat.11636.jpg", "20": "/raw_data/catTest/cat.6505.jpg", "21": "/raw_data/catTest/cat.5280.jpg", "22": "/raw_data/catTest/cat.9967.jpg", "23": "/raw_data/catTest/cat.10139.jpg", "24": "/raw_data/catTest/cat.598.jpg", "25": "/raw_data/catTest/cat.4324.jpg", "26": "/raw_data/catTest/cat.11932.jpg", "27": "/raw_data/catTest/cat.8588.jpg", "28": "/raw_data/catTest/cat.4111.jpg", "29": "/raw_data/catTest/cat.467.jpg", "30": "/raw_data/catTest/cat.7232.jpg", "31": "/raw_data/catTest/cat.4786.jpg", "32": "/raw_data/catTest/cat.11531.jpg", "33": "/raw_data/catTest/cat.7861.jpg", "34": "/raw_data/catTest/cat.12267.jpg", "35": "/raw_data/catTest/cat.9508.jpg", "36": "/raw_data/catTest/cat.10223.jpg", "37": "/raw_data/catTest/cat.793.jpg", "38": "/raw_data/catTest/cat.3484.jpg", "39": "/raw_data/catTest/cat.8247.jpg", "40": "/raw_data/catTest/cat.11045.jpg", "41": "/raw_data/catTest/cat.12091.jpg", "42": "/raw_data/catTest/cat.10282.jpg", "43": "/raw_data/catTest/cat.11199.jpg", "44": "/raw_data/catTest/cat.7393.jpg", "45": "/raw_data/catTest/cat.534.jpg", "46": "/raw_data/catTest/cat.6945.jpg", "47": "/raw_data/catTest/cat.8085.jpg", "48": "/raw_data/catTest/cat.5535.jpg", "49": "/raw_data/catTest/cat.6286.jpg", "50": "/raw_data/catTest/cat.10076.jpg", "51": "/raw_data/catTest/cat.7514.jpg", "52": "/raw_data/catTest/cat.12118.jpg", "53": "/raw_data/catTest/cat.11148.jpg", "54": "/raw_data/catTest/cat.5093.jpg", "55": "/raw_data/catTest/cat.2474.jpg", "56": "/raw_data/catTest/cat.1335.jpg", "57": "/raw_data/catTest/cat.10847.jpg", "58": "/raw_data/catTest/cat.7202.jpg", "59": "/raw_data/catTest/cat.3023.jpg", "60": "/raw_data/catTest/cat.706.jpg", "61": "/raw_data/catTest/cat.5657.jpg", "62": "/raw_data/catTest/cat.5886.jpg", "63": "/raw_data/catTest/cat.9840.jpg", "64": "/raw_data/catTest/cat.4177.jpg", "65": "/raw_data/catTest/cat.7619.jpg", "66": "/raw_data/catTest/cat.10332.jpg", "67": "/raw_data/catTest/cat.9557.jpg", "68": "/raw_data/catTest/cat.12369.jpg", "69": "/raw_data/catTest/cat.11065.jpg", "70": "/raw_data/catTest/cat.4581.jpg", "71": "/raw_data/catTest/cat.7598.jpg", "72": "/raw_data/catTest/cat.9280.jpg", "73": "/raw_data/catTest/cat.10948.jpg", "74": "/raw_data/catTest/cat.1318.jpg", "75": "/raw_data/catTest/cat.12338.jpg", "76": "/raw_data/catTest/cat.11759.jpg", "77": "/raw_data/catTest/cat.9113.jpg", "78": "/raw_data/catTest/cat.12263.jpg", "79": "/raw_data/catTest/cat.6654.jpg", "80": "/raw_data/catTest/cat.6935.jpg", "81": "/raw_data/catTest/cat.8639.jpg", "82": "/raw_data/catTest/cat.1068.jpg", "83": "/raw_data/catTest/cat.10944.jpg", "84": "/raw_data/catTest/cat.5338.jpg", "85": "/raw_data/catTest/cat.7980.jpg", "86": "/raw_data/catTest/cat.10941.jpg", "87": "/raw_data/catTest/cat.1434.jpg", "88": "/raw_data/catTest/cat.5638.jpg", "89": "/raw_data/catTest/cat.4774.jpg", "90": "/raw_data/catTest/cat.1964.jpg", "91": "/raw_data/catTest/cat.11562.jpg", "92": "/raw_data/catTest/cat.9400.jpg", "93": "/raw_data/catTest/cat.10525.jpg", "94": "/raw_data/catTest/cat.7804.jpg", "95": "/raw_data/catTest/cat.3319.jpg", "96": "/raw_data/catTest/cat.11886.jpg", "97": "/raw_data/catTest/cat.3789.jpg", "98": "/raw_data/catTest/cat.9020.jpg", "99": "/raw_data/catTest/cat.7208.jpg", "100": "/raw_data/catTest/cat.9161.jpg", "101": "/raw_data/catTest/cat.10003.jpg", "102": "/raw_data/catTest/cat.3341.jpg", "103": "/raw_data/catTest/cat.847.jpg", "104": "/raw_data/catTest/cat.7391.jpg", "105": "/raw_data/catTest/cat.3177.jpg", "106": "/raw_data/catTest/cat.10895.jpg", "107": "/raw_data/catTest/cat.1458.jpg"}, "label": {"0": 0, "1": 0, "2": 0, "3": 0, "4": 0, "5": 0, "6": 0, "7": 0, "8": 0, "9": 0, "10": 0, "11": 0, "12": 0, "13": 0, "14": 0, "15": 0, "16": 0, "17": 0, "18": 0, "19": 0, "20": 0, "21": 0, "22": 0, "23": 0, "24": 0, "25": 0, "26": 0, "27": 0, "28": 0, "29": 0, "30": 0, "31": 0, "32": 0, "33": 0, "34": 0, "35": 0, "36": 0, "37": 0, "38": 0, "39": 0, "40": 0, "41": 0, "42": 0, "43": 0, "44": 0, "45": 0, "46": 0, "47": 0, "48": 0, "49": 0, "50": 0, "51": 0, "52": 0, "53": 0, "54": 0, "55": 0, "56": 0, "57": 0, "58": 0, "59": 0, "60": 0, "61": 0, "62": 0, "63": 0, "64": 0, "65": 0, "66": 0, "67": 0, "68": 0, "69": 0, "70": 0, "71": 0, "72": 0, "73": 0, "74": 0, "75": 0, "76": 0, "77": 0, "78": 0, "79": 0, "80": 0, "81": 0, "82": 0, "83": 0, "84": 0, "85": 0, "86": 0, "87": 0, "88": 0, "89": 0, "90": 0, "91": 0, "92": 0, "93": 0, "94": 0, "95": 0, "96": 0, "97": 0, "98": 0, "99": 0, "100": 0, "101": 0, "102": 0, "103": 0, "104": 0, "105": 0, "106": 0, "107": 0}}